{
    "loss": 94.18435668945312,
    "accuracy": 0.5827338099479675
}